"ScenarioId","LrsegId","AgencyId","LoadSourceId","SectorId","Amount","UnitId","NLoadEos","PLoadEos","SLoadEos","NLoadEor","PLoadEor","SLoadEor","NLoadEot","PLoadEot","SLoadEot"
1503,1976,9,61,4,,,0,0,0,0,0,0,0,0,0
1503,1975,10,61,4,,,0,0,0,0,0,0,0,0,0
1503,1974,10,61,4,,,0,0,0,0,0,0,0,0,0
1503,1971,9,61,4,,,0,0,0,0,0,0,0,0,0
1503,1976,6,61,4,,,0,0,0,0,0,0,0,0,0
1503,1974,9,61,4,,,111.13341113631243,57.5522817340958,0,94.06484522254623,44.1543674299663,0,95.58793937557948,37.58719186875256,0
1503,1973,9,61,4,,,0,0,0,0,0,0,0,0,0
1503,1972,9,61,4,,,0,0,0,0,0,0,0,0,0
1503,1971,10,61,4,,,0,0,0,0,0,0,0,0,0
1503,1975,9,61,4,,,0,0,0,0,0,0,0,0,0
1503,1977,9,61,4,,,0,0,0,0,0,0,0,0,0
1503,1970,9,61,4,,,0,0,0,0,0,0,0,0,0
1503,1977,6,61,4,,,0,0,0,0,0,0,0,0,0
1503,1976,9,5,1,76.06427764892578,1,341.3804958482597,2.841471128223926,2222.67779447363,287.82896916147536,2.067681958048396,975.2402204204254,303.82650900990757,1.7601511017906202,1066.0389906420423
1503,1971,10,5,1,0,1,0,0,0,0,0,0,0,0,0
1503,1972,9,5,1,280.84033203125,1,1493.3861266414835,10.534131259491637,7029.345792993708,1327.383935597809,8.160475513824728,3215.6320695683644,1171.994826299974,6.946750157046047,3515.020293401186
1503,1970,9,5,1,15.694818496704102,1,73.43448036358011,0.5974786107654229,604.8247238088774,69.75881176045306,0.5520895531372436,400.0165201512171,73.80238408893393,0.4699760673826344,437.25966018742605
1503,1973,9,5,1,6.536242961883545,1,30.048720495211985,0.2512143928035632,134.39534859193648,28.649156266900768,0.23951370565248098,128.135683646447,28.518572645107607,0.20389030878621284,140.06562895939553
1503,1976,6,5,1,0,1,0,0,0,0,0,0,0,0,0
1503,1977,9,5,1,21.204492568969727,1,104.64950198710098,0.8048578068892552,702.4842134058632,96.82338315971901,0.6377980161864109,342.7520262262033,102.46459853209032,0.5429369234183291,374.66361254171665
1503,1974,9,5,1,337.290771484375,1,1339.559910924528,12.661961588571781,11112.23695178296,1127.9413129715492,9.663929647296523,5503.356396916099,1146.2048928954532,8.22659227165239,6015.740917640471
1503,1975,9,5,1,43.77030563354492,1,189.57589064746597,1.629258090592045,1797.7059772743503,166.19820851562727,1.3250698975725743,1052.7154375297396,174.06736502539277,1.127989355946859,1150.7274607416257
1503,1977,6,5,1,0,1,0,0,0,0,0,0,0,0,0
1503,1975,10,5,1,0,1,0,0,0,0,0,0,0,0,0
1503,1974,10,5,1,0,1,0,0,0,0,0,0,0,0,0
1503,1971,9,5,1,202.70669555664062,1,898.7588090939087,7.644859980777353,7250.90586952718,761.6806503929205,5.58741983967374,3577.6953330021,792.397727326939,4.756390676374181,3910.793096673256
1503,1973,9,40,3,0,1,0,0,0,0,0,0,0,0,0
1503,1971,9,40,3,0,1,0,0,0,0,0,0,0,0,0
1503,1976,9,40,3,0,1,0,0,0,0,0,0,0,0,0
1503,1970,9,40,3,0,1,0,0,0,0,0,0,0,0,0
1503,1975,9,40,3,0,1,0,0,0,0,0,0,0,0,0
1503,1975,10,40,3,0,1,0,0,0,0,0,0,0,0,0
1503,1972,9,40,3,0,1,0,0,0,0,0,0,0,0,0
1503,1977,6,40,3,0,1,0,0,0,0,0,0,0,0,0
1503,1974,9,40,3,0,1,0,0,0,0,0,0,0,0,0
1503,1976,6,40,3,0,1,0,0,0,0,0,0,0,0,0
1503,1971,10,40,3,0,1,0,0,0,0,0,0,0,0,0
1503,1974,10,40,3,0,1,0,0,0,0,0,0,0,0,0
1503,1977,9,40,3,0,1,0,0,0,0,0,0,0,0,0
1503,1971,9,9,1,427.7718505859375,1,7856.8556037670605,198.83381191305494,508840.8149109368,6641.012432861764,144.93984078815197,250408.3295064405,6908.831353711015,123.38262152145332,273722.34783377365
1503,1970,9,9,1,40.74895095825195,1,798.8260680459698,19.141878912315256,49715.68794380955,746.3845760612793,17.397350211225206,32340.982492234678,789.6487880224881,14.809804294770844,35352.05748336642
1503,1971,10,9,1,0,1,0,0,0,0,0,0,0,0,0
1503,1977,9,9,1,2.722538709640503,1,56.97170602334815,1.2828477400351548,5179.786473360042,53.311800691644116,1.0281586786976782,2556.0912195724536,56.41790316168892,0.8752383915142468,2794.073548901937
1503,1977,6,9,1,0,1,0,0,0,0,0,0,0,0,0
1503,1972,9,9,1,427.52069091796875,1,9204.208048093496,197.020314630051,335169.4366933705,8147.046742056387,151.9907312293496,152688.09006060706,7193.319412151777,129.3848176185711,166903.96273966238
1503,1975,10,9,1,0,1,0,0,0,0,0,0,0,0,0
1503,1973,9,9,1,16.669456481933594,1,321.744666045582,7.852708474403903,12951.885809340385,306.843306523871,7.489016253381343,12352.029067964646,305.4447065122131,6.375158499791146,13502.052442338352
1503,1974,9,9,1,945.6087646484375,1,15234.70439192731,437.50547117665224,1051550.4241786296,12932.527470969128,336.63655464324665,525026.563204923,13141.930430474065,286.56786419782657,573908.6388971434
1503,1976,9,9,1,85.31906127929688,1,1583.7179033757511,39.26345085983931,86826.25733816135,1299.9647516205578,27.815504478269318,37088.915821776776,1372.2168184510517,23.678443710220602,40542.0424206968
1503,1974,10,9,1,0,1,0,0,0,0,0,0,0,0,0
1503,1975,9,9,1,164.74545288085938,1,2930.5787112850194,76.89853852381195,208975.1880734385,2514.056032436293,61.199141075217746,119747.20749745463,2633.091613928142,52.09685908071498,130896.15208626
1503,1976,6,9,1,0,1,0,0,0,0,0,0,0,0,0
1503,1975,10,36,2,0,1,0,0,0,0,0,0,0,0,0
1503,1974,9,36,2,0,1,0,0,0,0,0,0,0,0,0
1503,1971,10,36,2,0,1,0,0,0,0,0,0,0,0,0
1503,1977,9,36,2,0,1,0,0,0,0,0,0,0,0,0
1503,1973,9,36,2,0,1,0,0,0,0,0,0,0,0,0
1503,1976,9,36,2,0,1,0,0,0,0,0,0,0,0,0
1503,1975,9,36,2,0,1,0,0,0,0,0,0,0,0,0
1503,1972,9,36,2,0,1,0,0,0,0,0,0,0,0,0
1503,1976,6,36,2,0,1,0,0,0,0,0,0,0,0,0
1503,1970,9,36,2,0,1,0,0,0,0,0,0,0,0,0
1503,1974,10,36,2,0,1,0,0,0,0,0,0,0,0,0
1503,1971,9,36,2,0,1,0,0,0,0,0,0,0,0,0
1503,1977,6,36,2,0,1,0,0,0,0,0,0,0,0,0
1503,1971,10,45,3,4.243749618530273,1,4.3793799531275575,0.17557957944446306,89.23589217597555,3.8255775908705685,0.13227276447143616,45.38426280974028,3.9798555827234656,0.11259954714749229,49.60971943494242
1503,1976,6,45,3,0,1,0,0,0,0,0,0,0,0,0
1503,1974,9,45,3,222.78515625,1,269.80321431859863,9.281287239419322,7154.354500174445,233.4509437056449,7.279224787151797,3641.000588198391,237.23097190360699,6.196569776804591,3979.9923246570015
1503,1970,9,45,3,1.3505752086639404,1,1.381354466466473,0.05626531255961412,28.89719011290691,1.3342013774866355,0.05286217860763762,19.432163691615095,1.4115384139767622,0.04499987126023377,21.241375954398073
1503,1975,10,45,3,8.973623275756836,1,10.951139747819944,0.3730052139445665,264.1443314721743,9.957204594269937,0.3146289709416086,160.42369640177319,10.428658541047579,0.2678335165147092,175.3597850112109
1503,1972,9,45,3,102.52434539794922,1,122.65421259033121,4.271190750267076,1017.3481793266216,110.12652948583232,3.3423410494232537,470.1171385902374,97.2346578366863,2.8452273609114984,513.8869269462766
1503,1977,6,45,3,0,1,0,0,0,0,0,0,0,0,0
1503,1971,9,45,3,30.124229431152344,1,31.087000490828473,1.2463505178333398,633.4404079036227,27.155837976598566,0.9389373696863624,322.1598982830231,28.250979311624757,0.7992871627732002,352.1542750184384
1503,1974,10,45,3,0,1,0,0,0,0,0,0,0,0,0
1503,1977,9,45,3,8.47385311126709,1,9.018280418185288,0.353022912630953,181.3153794543413,8.354468377976216,0.28010373572957986,88.57886331074138,8.841224303082502,0.23844329498596367,96.82591023091122
1503,1973,9,45,3,0,1,0,0,0,0,0,0,0,0,0
1503,1976,9,45,3,30.716014862060547,1,31.249696897089976,1.2796371247694236,419.39497063095416,26.22474066803895,0.9268232798902407,183.15885222845043,27.68231227757486,0.7889748280261486,200.21167489646623
1503,1975,9,45,3,47.52286911010742,1,57.99547906675958,1.9753757668393108,1398.8659992716548,52.73175796385783,1.6662245499764192,849.5781572263613,55.22850242433529,1.418403331351663,928.6772861056501
1503,1975,9,41,3,0,1,0,0,0,0,0,0,0,0,0
1503,1970,9,41,3,0,1,0,0,0,0,0,0,0,0,0
1503,1971,9,41,3,0,1,0,0,0,0,0,0,0,0,0
1503,1971,10,41,3,0,1,0,0,0,0,0,0,0,0,0
1503,1976,6,41,3,0,1,0,0,0,0,0,0,0,0,0
1503,1974,10,41,3,0,1,0,0,0,0,0,0,0,0,0
1503,1976,9,41,3,0,1,0,0,0,0,0,0,0,0,0
1503,1974,9,41,3,0,1,0,0,0,0,0,0,0,0,0
1503,1977,9,41,3,0,1,0,0,0,0,0,0,0,0,0
1503,1977,6,41,3,0,1,0,0,0,0,0,0,0,0,0
1503,1973,9,41,3,0,1,0,0,0,0,0,0,0,0,0
1503,1975,10,41,3,0,1,0,0,0,0,0,0,0,0,0
1503,1972,9,41,3,0,1,0,0,0,0,0,0,0,0,0
1503,1975,9,4,1,500.7010803222656,1,10850.184451018291,276.14907980210967,742627.6756870114,9308.049487661765,219.77123124866267,425541.38217879663,9748.767223871093,187.0841757449627,465160.9890932702
1503,1976,6,4,1,0,1,0,0,0,0,0,0,0,0,0
1503,1971,9,4,1,1300.1015625,1,29092.520502107564,713.9930978844664,1806329.9478512236,24590.472334141952,520.4650302457906,888922.5304342989,25582.157537306874,443.05512889191374,971684.7780279501
1503,1973,9,4,1,50.6624870300293,1,1191.415751009078,28.197812787135188,45788.48876639299,1136.236236570444,26.89185253228057,43667.829731233775,1131.057241363684,22.892168536674262,47733.47956275291
1503,1976,9,4,1,259.30517578125,1,5864.181114731341,140.99153392532946,307719.6989242251,4813.501653306126,99.88298423635074,131446.29700728686,5081.036171230411,85.02716971022335,143684.47368267237
1503,1970,9,4,1,123.84586334228516,1,2957.8782426478074,68.73710012613589,176292.29882506313,2763.698865736713,62.47262397157219,114681.4292555133,2923.896781608931,53.18093408287124,125358.72960226168
1503,1975,10,4,1,0,1,0,0,0,0,0,0,0,0,0
1503,1977,6,4,1,0,1,0,0,0,0,0,0,0,0,0
1503,1972,9,4,1,1299.33837890625,1,34082.17442688792,707.4742618370237,1190278.6122774149,30167.621882937496,545.778898914378,542237.2927006893,26636.0740252995,464.6040105534107,592721.7562355264
1503,1974,10,4,1,0,1,0,0,0,0,0,0,0,0,0
1503,1974,9,4,1,2873.9326171875,1,56411.32610208113,1571.0390097439274,3741111.120904849,47886.785704587564,1208.8286759659547,1867892.085071071,48662.16659360786,1029.0369452591463,2041800.3188373423
1503,1977,9,4,1,8.274450302124023,1,210.94619972980945,4.606687732661605,18331.091214170418,197.39485687942272,3.6921029866384325,9045.921398247923,208.89566241539885,3.1429684408475977,9888.132908072892
1503,1971,10,4,1,0,1,0,0,0,0,0,0,0,0,0
1503,1971,10,38,2,0,1,0,0,0,0,0,0,0,0,0
1503,1975,10,38,2,0,1,0,0,0,0,0,0,0,0,0
1503,1976,6,38,2,0,1,0,0,0,0,0,0,0,0,0
1503,1977,6,38,2,0,1,0,0,0,0,0,0,0,0,0
1503,1974,9,38,2,0,1,0,0,0,0,0,0,0,0,0
1503,1973,9,38,2,0,1,0,0,0,0,0,0,0,0,0
1503,1971,9,38,2,0,1,0,0,0,0,0,0,0,0,0
1503,1974,10,38,2,0,1,0,0,0,0,0,0,0,0,0
1503,1976,9,38,2,0,1,0,0,0,0,0,0,0,0,0
1503,1970,9,38,2,0,1,0,0,0,0,0,0,0,0,0
1503,1977,9,38,2,0,1,0,0,0,0,0,0,0,0,0
1503,1975,9,38,2,0,1,0,0,0,0,0,0,0,0,0
1503,1972,9,38,2,0,1,0,0,0,0,0,0,0,0,0
1503,1974,10,27,2,0,1,0,0,0,0,0,0,0,0,0
1503,1976,6,27,2,0,1,0,0,0,0,0,0,0,0,0
1503,1971,10,27,2,0,1,0,0,0,0,0,0,0,0,0
1503,1977,6,27,2,0,1,0,0,0,0,0,0,0,0,0
1503,1974,9,27,2,0,1,0,0,0,0,0,0,0,0,0
1503,1972,9,27,2,0.08236634731292725,1,0.9367390383203725,0.07241980671974385,94.3351962280828,0.8355828539668297,0.05630157623130965,43.30835033377048,0.7377660340246983,0.047927719759002105,47.34053119372115
1503,1973,9,27,2,0,1,0,0,0,0,0,0,0,0,0
1503,1975,9,27,2,0,1,0,0,0,0,0,0,0,0,0
1503,1975,10,27,2,0,1,0,0,0,0,0,0,0,0,0
1503,1971,9,27,2,0,1,0,0,0,0,0,0,0,0,0
1503,1977,9,27,2,0,1,0,0,0,0,0,0,0,0,0
1503,1970,9,27,2,0,1,0,0,0,0,0,0,0,0,0
1503,1976,9,27,2,0.03993420675396919,1,0.39870958278203794,0.03511176140470709,58.07640863541267,0.33223889448078125,0.025251730555870818,25.184472109050752,0.35070473886447695,0.02149598548607908,27.52924732268644
1503,1971,9,7,1,38.064781188964844,1,1028.5672054439347,34.11482102606905,103993.79061372115,869.3971155727972,24.86798739339613,51176.931219997445,904.4581848955996,21.169317282777655,55941.7084730201
1503,1975,10,7,1,0,1,0,0,0,0,0,0,0,0,0
1503,1974,10,7,1,0,1,0,0,0,0,0,0,0,0,0
1503,1974,9,7,1,84.14390563964844,1,1994.4404333261614,75.06476809073315,214794.35666560597,1693.052587674077,57.7582374848876,107244.25598900099,1720.4664264037676,49.167728601000675,117229.12571979991
1503,1972,9,7,1,38.04243469238281,1,1204.7079482573504,33.803663393671314,68412.87810325208,1066.3396474412007,26.077734811673267,31165.824056598114,941.509473155393,22.199136323796253,34067.48709102717
1503,1975,9,7,1,14.659684181213379,1,384.1147179854515,13.193841914778455,42771.76277645313,329.5205551655186,10.500222867260563,24509.12569785043,345.12270181283617,8.938501773406273,26791.023455935596
1503,1976,9,7,1,7.5920186042785645,1,207.34564207196502,6.736608147091575,17706.107573176778,170.19573089446587,4.7724321214831225,7563.384089622032,179.6552130131326,4.062617862554688,8267.565438659676
1503,1970,9,7,1,3.6259982585906982,1,104.58867101839147,3.2842594117636836,10146.037407504386,97.7226132214584,2.984942671129581,6600.186615792683,103.38710842596447,2.5409856244669107,7214.690422545853
1503,1977,6,7,1,0,1,0,0,0,0,0,0,0,0,0
1503,1976,6,7,1,0,1,0,0,0,0,0,0,0,0,0
1503,1973,9,7,1,1.4833122491836548,1,42.10045811570738,1.347323900730044,2637.879532766509,40.150607415394575,1.284923618904927,2515.7081483086604,39.96759987113558,1.0938141210396737,2749.930651974941
1503,1977,9,7,1,0.24226196110248566,1,7.462061445388656,0.22010405662933955,1055.8267714224944,6.982692994349316,0.17640588900582943,521.0233189539008,7.389525246794926,0.15016865562295387,569.5326765739187
1503,1971,10,7,1,0,1,0,0,0,0,0,0,0,0,0
1503,1974,9,52,3,0,5,0,0,0,0,0,0,0,0,0
1503,1977,6,52,3,0,5,0,0,0,0,0,0,0,0,0
1503,1970,9,52,3,0,5,0,0,0,0,0,0,0,0,0
1503,1972,9,52,3,0,5,0,0,0,0,0,0,0,0,0
1503,1976,6,52,3,0,5,0,0,0,0,0,0,0,0,0
1503,1974,10,52,3,0,5,0,0,0,0,0,0,0,0,0
1503,1976,9,52,3,0,5,0,0,0,0,0,0,0,0,0
1503,1975,9,52,3,0,5,0,0,0,0,0,0,0,0,0
1503,1973,9,52,3,0,5,0,0,0,0,0,0,0,0,0
1503,1971,10,52,3,0,5,0,0,0,0,0,0,0,0,0
1503,1971,9,52,3,0,5,0,0,0,0,0,0,0,0,0
1503,1977,9,52,3,0,5,0,0,0,0,0,0,0,0,0
1503,1975,10,52,3,0,5,0,0,0,0,0,0,0,0,0
1503,1977,9,49,3,55.93440246582031,1,437.07086801896367,31.47316824962172,0,437.07086801896367,31.47316824962172,0,462.5359036231936,26.79209515553388,0
1503,1973,9,49,3,1.9829676151275635,1,15.49488934519161,1.1157761705347227,0,15.49488934519161,1.1157761705347227,0,15.424263224438551,0.9498243423142754,0
1503,1974,9,49,3,1289.3905029296875,1,10075.28464571078,725.5142175330875,0,10075.28464571078,725.5142175330875,0,10238.423245447188,617.6069024469061,0
1503,1971,9,49,3,186.8041229248047,1,1459.6855701847744,105.11093944604227,0,1459.6855701847744,105.11093944604227,0,1518.5518075451598,89.47755971659356,0
1503,1975,10,49,3,89.18124389648438,1,696.8613583503611,50.18050019538077,0,696.8613583503611,50.18050019538077,0,729.8563655976935,42.71704473867473,0
1503,1972,9,49,3,290.1253967285156,1,2267.0369824718364,163.24775133344065,0,2267.0369824718364,163.24775133344065,0,2001.6481616459323,138.9675565218968,0
1503,1976,6,49,3,9.943260192871094,1,77.69653686909805,5.594873408922695,0,77.69653686909805,5.594873408922695,0,82.01491193839577,4.762735659979979,0
1503,1974,10,49,3,0.43021008372306824,1,3.361657342066948,0.24207059968100797,0,3.361657342066948,0.24207059968100797,0,3.4160891612028847,0.20606691037813346,0
1503,1971,10,49,3,13.233907699584961,1,103.40962396219311,7.4464548697649775,0,103.40962396219311,7.4464548697649775,0,107.57992994715677,6.338927363772148,0
1503,1977,6,49,3,0,1,0,0,0,0,0,0,0,0,0
1503,1970,9,49,3,34.18466567993164,1,267.1186397458314,19.235026872040066,0,267.1186397458314,19.235026872040066,0,282.6021824387134,16.374159289830715,0
1503,1975,9,49,3,634.8284912109375,1,4960.543555753247,357.205280341459,0,4960.543555753247,357.205280341459,0,5195.415483449511,304.07735837279586,0
1503,1976,9,49,3,94.67108917236328,1,739.7589550751036,53.26952620469069,0,739.7589550751036,53.26952620469069,0,780.8747725570101,45.346633158974456,0
1503,1975,9,48,3,1184.4027099609375,1,2080.6906797300344,274.37596748151793,1275807.9146197096,1891.8453487534814,231.43544667085413,774840.8622711335,1981.4204848188815,197.01354691685788,846981.649677693
1503,1977,9,48,3,228.04180908203125,1,349.36059867856034,52.94635257322008,157012.09648347285,323.6450785324098,42.00993935064504,76705.86507552587,342.5015936905055,35.76170926402419,83847.48831030233
1503,1974,9,48,3,1995.3829345703125,1,3478.5941591844958,463.28455644878034,1595902.6899455541,3009.9014620026514,363.34964534699355,812188.2460056285,3058.6376642165224,309.3078585433846,887806.2244089099
1503,1972,9,48,3,1323.4288330078125,1,2279.1488916473545,307.2714160620914,712728.3041109238,2046.3606778589378,240.44954376119156,329352.1310891603,1806.8051472344046,204.6869576478682,360016.1335027119
1503,1976,9,48,3,549.3477172851562,1,804.534933385446,127.54660227331692,384369.075672747,675.1655881941072,92.38022089982137,167862.28653724038,712.6913050560743,78.64030876100315,183490.93767880162
1503,1971,10,48,3,166.3805389404297,1,247.16219409955607,38.36422116541122,123365.4942299363,215.906854663844,28.901661607793258,62742.15313210342,224.61395187298282,24.60305431622201,68583.6988622369
1503,1971,9,48,3,1320.6929931640625,1,1961.9204265182234,304.52695011100906,979248.8043690771,1713.8222531706265,229.41518412725952,498033.7396747082,1782.9373212437333,195.29376243638063,544402.6753937885
1503,1975,10,48,3,252.09120178222656,1,442.8593497624819,58.39885944271285,271546.1115842652,402.66504250831184,49.259292802687206,164919.04528515376,421.73043598522975,41.93285053466973,180273.66887887678
1503,1976,6,48,3,114.00535583496094,1,166.96399834979846,26.469566214947555,79767.57136733552,140.11616087163037,19.171536759712332,34836.223225834394,147.90381988831444,16.320112200658475,38079.61512235389
1503,1974,10,48,3,5.029824733734131,1,8.76860207499821,1.167816001836719,4022.8422742572698,7.5871536021448245,0.9159069176630934,2047.308542852179,7.710004485088946,0.7796820802092674,2237.9211673756527
1503,1973,9,48,3,41.13096237182617,1,59.19523453501296,9.54971566039095,14639.440957921524,56.17792887969404,9.062946559886042,13893.237849850093,55.921868374818914,7.714994712199134,15186.75393414262
1503,1970,9,48,3,226.12843322753906,1,332.93402264250756,52.502108278698685,172788.02654480858,321.5691861901846,49.32658682319659,116192.79253972048,340.2089569970017,41.99013576844685,127010.8068610268
1503,1977,6,48,3,26.890399932861328,1,41.19615721813091,6.243366518672101,18514.6666119405,38.16381580672422,4.953758588574128,9045.057997829746,40.387352078350865,4.2169752479309555,9887.189121617985
1503,1973,9,43,3,0.2223159521818161,1,1.5708030220999125,0.026361756675876258,12.962328553216452,1.490735886979927,0.025018042471057704,12.301611393179046,1.4839410728693356,0.02129705434081369,13.446940680114489
1503,1977,9,43,3,2.2191946506500244,1,16.691219545891563,0.26314742069879776,532.2210293537959,15.462622520011394,0.20879261075722558,260.00846675062996,16.363520433412873,0.1777384294714965,284.2162963026021
1503,1972,9,43,3,9.295841217041016,1,78.59483916105027,1.102281243681534,1033.8896856937743,70.56730208861943,0.8625697291875191,477.7609775426452,62.30639887664602,0.7342778483368244,522.2424379176579
1503,1977,6,43,3,0,1,0,0,0,0,0,0,0,0,0
1503,1976,9,43,3,4.737496852874756,1,34.062752869952874,0.5617623839519911,725.0203953362347,28.585456793252867,0.4068766411471231,316.6320837186526,30.174237052126497,0.34636098913584124,346.111798780002
1503,1970,9,43,3,1.8563830852508545,1,13.418495792839554,0.22012599055677765,445.19204663573606,12.96045005479387,0.2068119574856466,299.3732155489672,13.711703063319636,0.17605236308944738,327.24606086436944
1503,1975,9,43,3,3.6333513259887695,1,31.336374624971583,0.42986909338971296,1198.7366734190934,28.492257479012224,0.3625935119311964,728.032917043742,29.841309526091308,0.3086641865029455,795.8156972903674
1503,1974,9,43,3,21.1346435546875,1,180.88629553739634,2.506101453144481,7607.151217333665,156.51435622541578,1.965511393653169,3871.438304622818,159.04863032397728,1.6731765887177448,4231.884715351318
1503,1976,6,43,3,0,1,0,0,0,0,0,0,0,0,0
1503,1971,9,43,3,6.340771675109863,1,46.24394301536448,0.7467033937893415,1494.4274859708512,40.396082095305026,0.5625285266613862,760.0471975968015,42.025176336985325,0.47886242956157676,830.810635575626
1503,1975,10,43,3,0,1,0,0,0,0,0,0,0,0,0
1503,1974,10,43,3,0,1,0,0,0,0,0,0,0,0,0
1503,1971,10,43,3,0,1,0,0,0,0,0,0,0,0,0
1503,1974,9,21,2,1220.1676025390625,1,12178.227584970517,1072.820272802925,1986152.3596810822,10307.819054164644,823.072501808277,988774.0495093234,10474.722841597444,700.6551299015068,1080832.8734202066
1503,1977,6,21,2,2.0576393604278564,1,21.58849044297077,1.8091590166717109,3360.2040052627535,19.77897308526407,1.4196428322292431,1623.4819822368265,20.931354290889296,1.2084962513557764,1774.6346566010036
1503,1971,9,21,2,691.1060791015625,1,6894.536156634576,609.9445751073104,1097144.2117876492,5920.972954026038,451.74192419096096,548571.2557602414,6159.754104182916,384.55336058560505,599645.4366225577
1503,1977,9,21,2,150.5733642578125,1,1579.7965852333887,132.39013835785656,245892.07972760717,1447.3802242943416,103.88623069924071,118802.71566466859,1531.7088575696998,88.43500457813792,129863.7242812841
1503,1975,9,21,2,941.4439697265625,1,9765.605149277286,827.5490448714512,1598688.8028898037,8561.117634531742,673.024242017951,936147.5971678621,8966.469624582278,572.9238756998266,1023306.6876041852
1503,1975,10,21,2,33.41355514526367,1,346.5990506870214,29.37121755026346,56740.367130918,303.8496027220818,23.88685184451035,33225.57727058314,318.23628053651385,20.334108168215735,36319.011578257305
1503,1976,9,21,2,159.60821533203125,1,1614.5219862130755,140.33394163046216,232118.0197639054,1345.3576813266218,100.92557992321818,100656.5304588695,1420.1326880958072,85.91469786213216,110028.05655989521
1503,1972,9,21,2,678.4998779296875,1,7818.000556223138,596.5642938089527,777092.3664858787,6973.753574737849,463.7890045017915,356755.37652033323,6157.376845006619,394.8086523145529,389970.73082968645
1503,1971,10,21,2,8.409811973571777,1,83.6466093066123,7.38686801343703,13270.02474604416,71.83504446834165,5.470919992275723,6635.002090605635,74.73200999628885,4.657218105874217,7252.74735749499
1503,1976,6,21,2,16.50065040588379,1,166.91285477815038,14.508033349704696,23996.874403128404,139.0860534607199,10.433909732401448,10406.094803552876,146.81645908695404,8.882051536013076,11374.943904715696
1503,1973,9,21,2,23.274890899658203,1,232.25971841622714,20.464217171862053,18930.68962859837,220.46186018217418,19.424717362291833,17969.086841709537,219.4569891171542,16.535636698924613,19642.080790348464
1503,1970,9,21,2,165.18023681640625,1,1684.8983096057611,145.233086302466,257827.99397413793,1625.7108044583401,136.30860770658688,173200.4446698548,1719.9451966035745,116.03513059849345,189326.099712138
1503,1974,10,21,2,0.08648679405450821,1,0.8632058898290221,0.07604265659761071,140.78061877332465,0.7306293183277115,0.05834026555670853,70.08536975445327,0.7424596385727172,0.049663190365756615,76.61059836068148
1503,1976,9,22,2,12.582459449768066,1,146.81847012761256,12.0450206334045,14032.726501512245,122.34169508592788,8.662556459894928,6085.204259269213,129.1414489396266,7.374155506777717,6651.761146197846
1503,1977,9,22,2,30.43683624267578,1,368.3655073766214,29.13677743386977,39070.5868639032,337.48962092503,22.863560835215313,18876.947265588922,357.15275988431904,19.463013466996248,20634.46665554485
1503,1970,9,22,2,23.06168556213379,1,271.35203909136135,22.07664404132917,31978.276608813932,261.81992067274825,20.720048638506423,21481.964169405735,276.99632290151385,17.638310523657765,23482.021065834808
1503,1977,6,22,2,1.7064765691757202,1,20.652839941010498,1.633587262347327,2190.5378238265307,18.92174751201832,1.2818720888774147,1058.357969581836,20.024184231884288,1.0912164517418566,1156.8953351253228
1503,1971,9,22,2,24.022520065307617,1,276.6918708870148,23.116460925038865,34928.735290804725,237.62078360331253,17.120694182623055,17464.34058050919,247.20356069932967,14.574295921896752,19090.340630792292
1503,1973,9,22,2,0.4240603744983673,1,4.881354702594982,0.4059473412994966,235.5014654195726,4.633401544104802,0.3853268513764039,223.5389394943809,4.612282375735078,0.3280163466918509,244.35131000344808
1503,1972,9,22,2,14.750783920288086,1,196.05930430199422,14.120728732571944,12063.694260269209,174.88733396780074,10.977926083884416,5538.322049810963,154.4142919760046,9.345155146666357,6053.962012852389
1503,1976,6,22,2,3.6734001636505127,1,42.863082082385034,3.5164969887296147,4096.799996289132,35.71718268149972,2.528999711419407,1776.5517473818177,37.70234440752623,2.152856057555656,1941.9558299039616
1503,1975,9,22,2,60.9377326965332,1,729.1508844678717,58.320344671035876,94607.94016050515,639.2175804603654,47.430428455810365,55399.772422352195,669.4832688174289,40.375997178837764,60557.713103201575
1503,1974,9,22,2,88.88323974609375,1,1023.3186875998574,85.0867400749122,140611.27222385755,866.1509889618394,65.27892676859715,70001.06329494585,880.1756705930122,55.56984933210222,76518.44263215836
1503,1974,10,22,2,1.4626144170761108,1,16.839177667494212,1.4001412762527432,2313.822882081277,14.252911206198387,1.0741946366463528,1151.8995558478703,14.483693765511626,0.9144273208319005,1259.146017693675
1503,1971,10,22,2,3.3903310298919678,1,38.898297415012344,3.2422812481995007,4890.824312387328,33.405549223252294,2.401323709735801,2445.4083664876684,34.75272907478777,2.0441695866209613,2673.085678925636
1503,1975,10,22,2,12.88503360748291,1,154.17596348852854,12.331597646215599,20004.46085799632,135.15993526937197,10.028969533768011,11714.054624640197,141.55949092032503,8.537338978064032,12804.680023342116
1503,1977,9,16,1,,,0,0,0,0,0,0,0,0,0
1503,1977,6,16,1,,,0,0,0,0,0,0,0,0,0
1503,1970,9,16,1,,,0,0,0,0,0,0,0,0,0
1503,1975,9,16,1,,,0,0,0,0,0,0,0,0,0
1503,1973,9,16,1,,,0,0,0,0,0,0,0,0,0
1503,1974,10,16,1,,,0,0,0,0,0,0,0,0,0
1503,1976,6,16,1,,,0,0,0,0,0,0,0,0,0
1503,1975,10,16,1,,,0,0,0,0,0,0,0,0,0
1503,1971,10,16,1,,,0,0,0,0,0,0,0,0,0
1503,1976,9,16,1,,,0,0,0,0,0,0,0,0,0
1503,1972,9,16,1,,,0,0,0,0,0,0,0,0,0
1503,1974,9,16,1,,,0,0,0,0,0,0,0,0,0
1503,1971,9,16,1,,,7070.340603613853,2191.5465295434,1081673.7330953744,5991.976462394124,1601.7416394189875,533712.4955641757,6233.62104386963,1363.5111050000546,583403.266344985
1503,1974,9,6,1,476.8154602050781,1,13770.368238295001,514.5571908923641,1217168.0081213843,11689.47299177504,395.9236428359361,607717.4441217246,11878.748463644368,337.0370541997628,664298.3719926944
1503,1972,9,6,1,215.5738067626953,1,8316.692521349378,231.71992210393432,387672.99421199434,7361.467967336835,178.75963941645745,176606.34465444682,6499.703770941129,152.17232759120827,193049.1026254479
1503,1970,9,6,1,20.54732322692871,1,722.1653569595122,22.512994941761985,57494.211308730504,674.7565025248393,20.461233669877075,37401.057055512865,713.8687903235651,17.417989670917517,40883.245253375644
1503,1971,9,6,1,215.700439453125,1,7101.584067432888,233.85164639474743,589298.1815505332,6002.618663657582,170.46607953843932,290002.627342464,6244.6924241004,145.1122869982931,317003.03336794756
1503,1975,10,6,1,0,1,0,0,0,0,0,0,0,0,0
1503,1976,6,6,1,0,1,0,0,0,0,0,0,0,0,0
1503,1974,10,6,1,0,1,0,0,0,0,0,0,0,0,0
1503,1975,9,6,1,83.07154083251953,1,2654.00270156776,90.43912347104902,242373.31405245006,2276.789726303897,71.97531685611804,138885.04083788628,2384.5912174037658,61.270270687857845,151815.79435502764
1503,1973,9,6,1,8.405436515808105,1,290.5913850160898,9.235782351269293,14947.984796337489,277.1328660132504,8.808034115464695,14255.68024840836,275.86968698540096,7.497995952712994,15582.9411715377
1503,1976,9,6,1,43.02143859863281,1,1431.6521178999833,46.178320296510364,100334.60921064184,1175.1444407402996,32.71422268999704,42859.17634951195,1240.4589922017954,27.84856485683676,46849.53731264926
1503,1977,6,6,1,0,1,0,0,0,0,0,0,0,0,0
1503,1971,10,6,1,0,1,0,0,0,0,0,0,0,0,0
1503,1977,9,6,1,1.3728177547454834,1,51.53618116974572,1.508758894086975,5983.018263156998,48.22545805112403,1.2092187580852927,2952.465420659865,51.035215223612795,1.0293690096124037,3227.3517755337393
1503,1976,6,46,3,0,1,0,0,0,0,0,0,0,0,0
1503,1977,9,46,3,0,1,0,0,0,0,0,0,0,0,0
1503,1977,6,46,3,0,1,0,0,0,0,0,0,0,0,0
1503,1975,10,46,3,7.433416843414307,1,9.071518176604425,0.3092625407211857,219.68413754647315,8.248179143460415,0.2608621844957762,133.42153204507943,8.638714114806817,0.22206358171695256,145.84361101302306
1503,1975,9,46,3,28.420907974243164,1,34.684020648238885,1.1824336499445196,839.9397999778362,31.536068180953308,0.9973798450550952,510.1235628128746,33.02923864551474,0.8490373610622731,557.6181094841663
1503,1972,9,46,3,61.66447830200195,1,73.77182464875219,2.5712765363824315,614.3479101361876,66.23690169973737,2.012104731317013,283.8904983378282,58.48293324965586,1.7128399974474533,310.3218406747597
1503,1973,9,46,3,0,1,0,0,0,0,0,0,0,0,0
1503,1970,9,46,3,11.77053451538086,1,12.038781936182334,0.4908060532330132,252.85398600352946,11.627833284242357,0.46112029005835453,170.03383467042786,12.301841108082701,0.3925368616024002,185.86466563993494
1503,1974,10,46,3,0,1,0,0,0,0,0,0,0,0,0
1503,1976,9,46,3,31.277244567871094,1,31.820677809652476,1.3041940399818621,428.7692158683284,26.70390775908828,0.9446095102680754,187.25278782239042,28.18811148510451,0.8041156734905045,204.68677228984063
1503,1974,9,46,3,240.18399047851562,1,290.874014004114,10.015157447818037,7743.994124431635,251.68274306963437,7.854792170611248,3941.080521152952,255.75797982234258,6.68653176549801,4308.01090114773
1503,1971,9,46,3,21.226892471313477,1,21.90530443882769,0.8790274447036582,448.1392332334233,19.135229799490286,0.6622147662336367,227.9180298473755,19.906915840875026,0.5637221168715503,249.1381112059499
1503,1971,10,46,3,0,1,0,0,0,0,0,0,0,0,0
1503,1971,9,34,2,0,1,0,0,0,0,0,0,0,0,0
1503,1974,10,34,2,0,1,0,0,0,0,0,0,0,0,0
1503,1975,10,34,2,0,1,0,0,0,0,0,0,0,0,0
1503,1973,9,34,2,0,1,0,0,0,0,0,0,0,0,0
1503,1977,9,34,2,0,1,0,0,0,0,0,0,0,0,0
1503,1971,10,34,2,0,1,0,0,0,0,0,0,0,0,0
1503,1977,6,34,2,0,1,0,0,0,0,0,0,0,0,0
1503,1972,9,34,2,0,1,0,0,0,0,0,0,0,0,0
1503,1976,9,34,2,0,1,0,0,0,0,0,0,0,0,0
1503,1975,9,34,2,0,1,0,0,0,0,0,0,0,0,0
1503,1974,9,34,2,0,1,0,0,0,0,0,0,0,0,0
1503,1976,6,34,2,0,1,0,0,0,0,0,0,0,0,0
1503,1970,9,34,2,0,1,0,0,0,0,0,0,0,0,0
1503,1970,9,35,2,0,1,0,0,0,0,0,0,0,0,0
1503,1971,10,35,2,0,1,0,0,0,0,0,0,0,0,0
1503,1977,9,35,2,0,1,0,0,0,0,0,0,0,0,0
1503,1974,10,35,2,0,1,0,0,0,0,0,0,0,0,0
1503,1976,9,35,2,0,1,0,0,0,0,0,0,0,0,0
1503,1971,9,35,2,0,1,0,0,0,0,0,0,0,0,0
1503,1975,9,35,2,0,1,0,0,0,0,0,0,0,0,0
1503,1974,9,35,2,0,1,0,0,0,0,0,0,0,0,0
1503,1972,9,35,2,0,1,0,0,0,0,0,0,0,0,0
1503,1975,10,35,2,0,1,0,0,0,0,0,0,0,0,0
1503,1977,6,35,2,0,1,0,0,0,0,0,0,0,0,0
1503,1976,6,35,2,0,1,0,0,0,0,0,0,0,0,0
1503,1973,9,35,2,0,1,0,0,0,0,0,0,0,0,0
1503,1972,9,3,1,643.6123046875,1,24586.86723792165,495.3220006031264,589588.1259623746,21762.91057105925,382.1146728296342,268589.77884062007,19215.253334389192,325.28192248012084,293596.5629151232
1503,1977,9,3,1,4.098653793334961,1,152.19540680593735,3.2252362906449226,9080.053762830461,142.41825917055434,2.5849168062504533,4480.772675820588,150.71596626073097,2.200456480673288,4897.950556806404
1503,1973,9,3,1,25.095081329345703,1,859.4446656586812,19.742103956257317,22680.70043980067,819.6401395746891,18.82776342535476,21630.26104755969,815.904197859841,16.027469025589696,23644.124977253116
1503,1974,10,3,1,0,1,0,0,0,0,0,0,0,0,0
1503,1976,6,3,1,0,1,0,0,0,0,0,0,0,0,0
1503,1975,9,3,1,248.0165252685547,1,7829.278515495222,193.33602036732864,367850.4029413003,6716.504424777519,153.86506184012183,210786.06955747478,7034.51762714087,130.98037494150896,230411.09680195825
1503,1977,6,3,1,0,1,0,0,0,0,0,0,0,0,0
1503,1974,9,3,1,1423.569580078125,1,40696.63494895586,1099.9242745745362,1853108.2037946167,34546.80418559743,846.3316291003316,925234.785811718,35106.18463571757,720.4548763617601,1011377.8498065032
1503,1971,9,3,1,643.9904174804688,1,20988.09114302433,499.8845457828653,894740.7975754121,17740.19801968004,364.3906726986059,440315.59948927263,18455.625183431843,310.19405162196813,481310.7452040224
1503,1976,9,3,1,128.44383239746094,1,4230.627481054234,98.71168435170297,152424.7173337016,3472.6301893064638,69.93056488956657,65110.11396391364,3665.639044510099,59.529639149818436,71172.12633084008
1503,1971,10,3,1,0,1,0,0,0,0,0,0,0,0,0
1503,1975,10,3,1,0,1,0,0,0,0,0,0,0,0,0
1503,1970,9,3,1,61.34562301635742,1,2133.931475742838,48.12447874776072,87323.96222016073,1993.8427194322376,43.738569987965306,56805.86652057853,2109.4158928303805,37.23323688896904,62094.720193182686
1503,1975,10,29,2,0,1,0,0,0,0,0,0,0,0,0
1503,1976,9,29,2,0.06634939461946487,1,0.3308344245545872,0.026884706528694798,24.49757438030756,0.2756795126499108,0.019334984579988928,10.623220223436052,0.29100178546303807,0.01645925006943239,11.612284570746889
1503,1975,9,29,2,0,1,0,0,0,0,0,0,0,0,0
1503,1976,6,29,2,0,1,0,0,0,0,0,0,0,0,0
1503,1977,9,29,2,0,1,0,0,0,0,0,0,0,0,0
1503,1977,6,29,2,0,1,0,0,0,0,0,0,0,0,0
1503,1974,10,29,2,0,1,0,0,0,0,0,0,0,0,0
1503,1974,9,29,2,0,1,0,0,0,0,0,0,0,0,0
1503,1971,9,29,2,0,1,0,0,0,0,0,0,0,0,0
1503,1970,9,29,2,0,1,0,0,0,0,0,0,0,0,0
1503,1972,9,29,2,0.12517240643501282,1,0.710950773876329,0.0507197304782729,33.89092253251948,0.6341769183984157,0.039431212278773414,15.558985456756698,0.5599375187458994,0.03356652190500874,17.007589314338066
1503,1971,10,29,2,0,1,0,0,0,0,0,0,0,0,0
1503,1973,9,29,2,0,1,0,0,0,0,0,0,0,0,0
1503,1971,10,26,2,0,1,0,0,0,0,0,0,0,0,0
1503,1977,6,26,2,0,1,0,0,0,0,0,0,0,0,0
1503,1972,9,26,2,0.012687505222856998,1,0.1847466444292742,0.013923409709176578,14.531136204465367,0.16479630088845706,0.010824523685551956,6.671100105300664,0.1455045573891638,0.009214568622277928,7.292206241925619
1503,1975,10,26,2,0,1,0,0,0,0,0,0,0,0,0
1503,1976,6,26,2,0,1,0,0,0,0,0,0,0,0,0
1503,1976,9,26,2,0,1,0,0,0,0,0,0,0,0,0
1503,1970,9,26,2,0,1,0,0,0,0,0,0,0,0,0
1503,1973,9,26,2,0,1,0,0,0,0,0,0,0,0,0
1503,1974,10,26,2,0,1,0,0,0,0,0,0,0,0,0
1503,1975,9,26,2,0,1,0,0,0,0,0,0,0,0,0
1503,1974,9,26,2,0,1,0,0,0,0,0,0,0,0,0
1503,1977,9,26,2,0,1,0,0,0,0,0,0,0,0,0
1503,1971,9,26,2,0,1,0,0,0,0,0,0,0,0,0
1503,1971,9,25,2,3852.877197265625,1,22387.00027541031,2385.4572495155976,2034628.9191805946,19225.778230914497,1766.7360149598255,1017312.8830369556,20001.11591177948,1503.9655064939734,1112028.786643292
1503,1977,6,25,2,12.929750442504883,1,89.68116131948311,8.476475567864545,7022.821090267311,82.16421063246842,6.65147047417823,3393.074791490293,86.95133945355121,5.662182734671114,3708.983643367292
1503,1974,10,25,2,2.587190628051758,1,17.070690547782217,1.6961083855103625,1400.7046041516307,14.448866887110636,1.3012619239126344,697.3182882282753,14.682822352849701,1.1077223942384453,762.2414135243947
1503,1973,9,25,2,132.8386688232422,1,701.3455212234339,78.39153919774905,35935.8843953909,665.7199935214942,74.40956474040108,34110.48620536831,662.6856239559726,63.342467564594344,37286.3090788073
1503,1976,6,25,2,79.59439849853516,1,532.2666935064426,52.18043280973038,38500.038344461274,443.5300917163911,37.52720390220551,16695.301322269508,468.1815030627978,31.9457008552387,18249.70073771599
1503,1970,9,25,2,743.3890991210938,1,4010.330366216109,438.6155290043239,385934.17467634537,3869.454535407772,411.66289031793644,259258.00234842373,4093.74762313149,350.43536900778395,283395.96065904567
1503,1975,9,25,2,2509.091064453125,1,13764.777786892526,1480.0483663275481,1417134.1063409485,12067.033229937359,1203.6850698706767,829834.2279733532,12638.383390345312,1024.6583589390693,907095.1179675158
1503,1975,10,25,2,115.64073181152344,1,793.0007133562524,75.7927709542688,65313.86104475848,695.1921859970847,61.64030100458966,38245.97630776103,728.1081612343429,52.47240432969648,41806.829871791364
1503,1972,9,25,2,3944.474609375,1,24037.15941718466,2327.324001260679,1502578.1437443465,21441.444677143438,1809.3394004628208,689818.6812036827,18931.419581096445,1540.2323973672128,754043.5630509369
1503,1971,10,25,2,157.61900329589844,1,1036.4030827890417,103.22866717530637,82721.62713540994,890.0547452721657,76.45402327455227,41360.74946999337,925.9488960188203,65.08284931307561,45211.60088965774
1503,1976,9,25,2,1211.2318115234375,1,6479.840803281306,714.6527691776278,585876.293650763,5399.557065751633,513.9650774073987,254061.59787581407,5699.664555191952,437.52192824393734,277715.750119164
1503,1974,9,25,2,5927.91064453125,1,31290.78124567846,3497.6010286638475,3209369.9021501993,26484.946918052112,2683.3751206697993,1597733.2549814754,26913.790102759893,2284.2708748218115,1746488.6197181335
1503,1977,9,25,2,627.2780151367188,1,3480.6575175555827,370.1074423798651,340707.3704749504,3188.913626944654,290.42244097253706,164612.7069413206,3374.7091237185005,247.22727664801124,179938.8092083906
1503,1974,9,23,2,2289.66455078125,1,11509.909944982635,1124.6756852808564,1201236.8204453117,9742.145826625096,862.8562057170411,598016.4560800024,9899.890256134597,734.5217165860554,653694.1831131896
1503,1972,9,23,2,1000.7434692382812,1,5807.699763273769,491.5618956811263,271421.6551404309,5180.540304885933,382.15663360163,124606.98232474025,4574.084612550606,325.3176423347982,136208.39141268338
1503,1976,6,23,2,18.08759307861328,1,92.15204345972825,8.884566140411094,6689.81043168005,76.78895708895487,6.38961593802006,2900.9945378879893,81.05688885596524,5.439274395923164,3171.0887474421265
1503,1975,10,23,2,75.34977722167969,1,393.6607579240168,37.00234091125039,38795.361245377666,345.10672970797356,30.093047172270662,22717.48206747332,361.4468508976074,25.617242502083844,24832.5706282886
1503,1977,6,23,2,2.8330588340759277,1,14.970767975507346,1.3915891673162994,1206.0422082230511,13.715938946055656,1.0919767519512242,582.6990836867752,14.515069931815148,0.9295646632670878,636.9507020062222
1503,1975,9,23,2,715.2339477539062,1,3736.700337380412,351.23302738146475,368252.70626131014,3275.816568896975,285.6487400837981,215638.51920019396,3430.92000537902,243.16357872472742,235715.3289397957
1503,1971,9,23,2,941.1619873046875,1,4728.153629979593,463.9922311880351,452841.8490616954,4060.500826969991,343.64555712240485,226420.57364163952,4224.252809153523,292.5344024210395,247501.2358303576
1503,1976,9,23,2,352.2982177734375,1,1794.8767718259396,173.04772411415973,130299.71882271697,1495.644700184388,124.45272831147741,56503.65977532098,1578.7726624600443,105.94260205522792,61764.376789645976
1503,1970,9,23,2,333.88818359375,1,1715.347558657931,164.004775967009,153540.01498602054,1655.0904251093561,153.92678926299254,103143.1787537486,1751.0278081468903,131.03292150987926,112746.22176970565
1503,1977,9,23,2,319.7046813964844,1,1689.4194177338406,157.03788640759763,136099.30556081395,1547.814622858917,123.22726071758578,65756.35587210368,1637.9948598957628,104.89940093466826,71878.53594879093
1503,1973,9,23,2,29.372175216674805,1,147.62428957569972,14.427515715667447,5409.517561719004,140.12557024462865,13.69465602633475,5134.735857241911,139.4868741414029,11.657819907732865,5612.800329448989
1503,1974,10,23,2,7.331116199493408,1,36.85277270139036,3.6010201287894072,3846.155853174986,31.19269286106956,2.7627187158954105,1914.746912265313,31.697763676863232,2.351813523734899,2093.017518090388
1503,1971,10,23,2,29.43971061706543,1,147.47929775033091,14.44626421610215,14084.129638013635,126.65405089190321,10.699305249505441,7042.053905772746,131.76175872620985,9.107974197872444,7697.6973268396605
1503,1976,9,17,1,0.3530042767524719,1,7.458970076049131,0.5502608001535355,531.2967783457641,6.288899612325223,0.4004138269776839,233.11610369747282,6.638436778247257,0.3408594034414227,254.82014654904896
1503,1977,9,17,1,0.06787853688001633,1,1.4929018436649368,0.10646495629035013,99.42441489117076,1.3812565228149674,0.0843666264203876,48.51058430919474,1.4617325945593143,0.07181859370111461,53.027113986475776
1503,1970,9,17,1,0.10267338156700134,1,2.175588340636565,0.16203653867590107,169.2438859972469,2.0666920603413335,0.14972700046095277,111.93383416462503,2.1864879487143187,0.12745777647443315,122.35532240467823
1503,1977,6,17,1,0,1,0,0,0,0,0,0,0,0,0
1503,1975,9,17,1,0.35325220227241516,1,7.085080252366637,0.5472045946995618,732.8514721155552,6.211378678539382,0.44503957993930054,429.14918672193033,6.505475175724253,0.37884787064155434,469.1046946881215
1503,1973,9,17,1,0.04508155211806297,1,0.94049633580103,0.06932596594334635,38.15665086002849,0.8966913082739967,0.0660970050948174,36.37944761357527,0.8926041652679686,0.056266253081065,39.76651988099095
1503,1972,9,17,1,1.5117415189743042,1,36.989536300542866,2.0556492534078203,1907.7798635978615,32.87784411187306,1.5924498170963695,872.7295955729824,29.0290263168346,1.3556012757174911,953.9842160806091
1503,1974,10,17,1,0,1,0,0,0,0,0,0,0,0,0
1503,1974,9,17,1,2.4114701747894287,1,45.705881716024734,3.6742806285408007,4077.7257596924655,38.48543974245572,2.8043039974699457,2019.5014056888338,39.10859441952947,2.387213735501886,2207.525074378711
1503,1976,6,17,1,0,1,0,0,0,0,0,0,0,0,0
1503,1975,10,17,1,0,1,0,0,0,0,0,0,0,0,0
1503,1971,10,17,1,0,1,0,0,0,0,0,0,0,0,0
1503,1971,9,17,1,1.2433983087539673,1,25.618441843734875,1.9742029871610556,2214.7869031138866,21.711132339566674,1.4428911668419084,1092.8059072130015,22.586699445091934,1.228286810355432,1194.5505137091147
1503,1970,9,44,3,1379.41854952432,1,1410.8551395646523,57.451633106203204,29477.919014087976,1362.695033271495,53.976746105210104,19822.67982913955,1441.6837056648328,45.94866669815687,21668.250708288484
1503,1976,6,44,3,200.16075134277344,1,203.63848755267395,8.336528497730082,2729.6134545254085,170.8933863802646,6.0380310445876475,1192.0812178697822,180.3916442047509,5.1399814920318425,1303.0687533717548
1503,1977,9,44,3,1628.9981498673442,1,1733.6578677149191,67.84641548363668,34812.738592281545,1606.0478453128958,53.83229743134122,17007.232494664393,1699.6209213414159,45.8257021912254,18590.67395150149
1503,1975,9,44,3,2752.8574692231773,1,3359.5043969293847,114.39713542064246,80932.1512491101,3054.592799095136,96.49369941894047,49152.80516817503,3199.2217275557105,82.14198063052675,53729.12817943171
1503,1971,9,44,3,4993.846342443867,1,5153.449785445215,206.55883780428948,104879.07858226931,4501.761031443832,155.61096904792691,53340.19248930177,4683.308166545784,132.46660955485484,58306.37803005502
1503,1974,10,44,3,1175.5118408203125,1,1423.5996619406424,48.95908860591659,37702.92917638163,1231.7891963534341,38.3981447985922,19187.808949732724,1251.734276986871,32.68710480878312,20974.270807439938
1503,1975,10,44,3,1197.987548828125,1,1461.9879462522435,49.78330530647027,35220.02522116345,1329.2966239507673,41.9920943007902,21390.30052945853,1392.2361903588367,35.746518347432186,23381.82317390848
1503,1977,6,44,3,41.33672332763672,1,43.992521187545904,1.7216400803446967,883.3923743766502,40.754346736399036,1.3660241328031042,431.5678714908208,43.12881496708538,1.1628523782716502,471.7485686954893
1503,1976,9,44,3,3566.6014237385384,1,3628.570110578533,148.54597721869754,48638.122947961645,3045.0954599364686,107.58977459734291,21241.319990777694,3214.3419263520314,91.58771229868472,23218.971950430267
1503,1972,9,44,3,7320.507212668749,1,8757.832536716553,304.89302516527033,72551.7077769996,7863.323099289342,238.58837810720559,33526.18302470835,6942.809644401574,203.10260722892357,36647.604931975504
1503,1974,9,44,3,16263.550690967404,1,19695.91837497689,677.3633337204324,521631.07045364694,17042.16439155575,531.2495822545011,265468.9580028464,17318.11042514991,452.2356709121995,290185.1811589025
1503,1971,10,44,3,254.2675323486328,1,262.3939284816861,10.51718502568014,5340.041058023748,229.21243270138228,7.923114648103653,2715.878340905979,238.45611760514066,6.744692491603503,2968.737491156652
1503,1973,9,44,3,175.65927229208728,1,175.61932841220033,7.316062312564775,912.6502982034987,166.66764172721867,6.94314722296731,866.1305922216071,165.90796615109673,5.9104777631929935,946.7708190891368
1503,1974,10,39,2,0,1,0,0,0,0,0,0,0,0,0
1503,1977,6,39,2,0,1,0,0,0,0,0,0,0,0,0
1503,1974,9,39,2,0,1,0,0,0,0,0,0,0,0,0
1503,1971,10,39,2,0,1,0,0,0,0,0,0,0,0,0
1503,1973,9,39,2,0,1,0,0,0,0,0,0,0,0,0
1503,1976,6,39,2,0,1,0,0,0,0,0,0,0,0,0
1503,1975,9,39,2,0,1,0,0,0,0,0,0,0,0,0
1503,1977,9,39,2,0,1,0,0,0,0,0,0,0,0,0
1503,1976,9,39,2,0,1,0,0,0,0,0,0,0,0,0
1503,1970,9,39,2,0,1,0,0,0,0,0,0,0,0,0
1503,1972,9,39,2,0,1,0,0,0,0,0,0,0,0,0
1503,1975,10,39,2,0,1,0,0,0,0,0,0,0,0,0
1503,1971,9,39,2,0,1,0,0,0,0,0,0,0,0,0
1503,1973,9,32,2,6.8714070320129395,1,88.98978556359978,25.42098299112678,26009.357042150634,84.46946287692262,24.129699442069352,24688.18646106755,84.0844488021404,20.540836511879448,26986.755493321503
1503,1971,10,32,2,0,1,0,0,0,0,0,0,0,0,0
1503,1970,9,32,2,47.70155715942383,1,631.473900275457,176.47320558060252,346505.1676278553,609.2913361943281,165.62904199469432,232770.8802620054,644.6089329945537,140.99467261911587,254442.781429168
1503,1977,6,32,2,0,1,0,0,0,0,0,0,0,0,0
1503,1977,9,32,2,42.619991302490234,1,580.3281346499022,157.67381694177246,323902.96049482364,531.6858344581134,123.72627391450082,156493.65917453976,562.6634165745063,105.32419480828077,171063.84557887344
1503,1974,10,32,2,0,1,0,0,0,0,0,0,0,0,0
1503,1976,9,32,2,64.98999786376953,1,853.1834865151338,240.4322508202012,439850.6947792533,710.9453862913691,172.91443584027505,190738.50837360733,750.45974504542,147.19649391680764,208497.0273841984
1503,1974,9,32,2,359.8271789550781,1,4660.855699673077,1331.1902231503345,2725788.6832265584,3945.012265092953,1021.2950809444072,1356990.1127088654,4008.8897434472938,869.3956316542776,1483331.326757381
1503,1971,9,32,2,207.37228393554688,1,2676.824383676142,766.4140271616787,1522794.576264552,2298.8355443131663,567.6275541856371,761396.1081790888,2391.5430434952677,483.20306757891586,832285.1351353221
1503,1972,9,32,2,211.17080688476562,1,3157.8166439168645,781.2320269305956,1125542.4509455294,2816.81165798236,607.3558672807385,516725.34462347964,2487.063916688119,517.0225018465667,564834.5436205502
1503,1976,6,32,2,0,1,0,0,0,0,0,0,0,0,0
1503,1975,10,32,2,0,1,0,0,0,0,0,0,0,0,0
1503,1975,9,32,2,162.26010131835938,1,2184.3566417335046,600.1360160429643,1282290.258342162,1914.9385910851813,488.075105406871,750873.4295560808,2005.6071465071984,415.4826283580549,820782.7529906583
1503,1970,9,33,2,0,1,0,0,0,0,0,0,0,0,0
1503,1977,9,33,2,0,1,0,0,0,0,0,0,0,0,0
1503,1974,9,33,2,0,1,0,0,0,0,0,0,0,0,0
1503,1975,10,33,2,0,1,0,0,0,0,0,0,0,0,0
1503,1973,9,33,2,0,1,0,0,0,0,0,0,0,0,0
1503,1976,6,33,2,0,1,0,0,0,0,0,0,0,0,0
1503,1972,9,33,2,0,1,0,0,0,0,0,0,0,0,0
1503,1971,9,33,2,0,1,0,0,0,0,0,0,0,0,0
1503,1976,9,33,2,0,1,0,0,0,0,0,0,0,0,0
1503,1971,10,33,2,0,1,0,0,0,0,0,0,0,0,0
1503,1977,6,33,2,0,1,0,0,0,0,0,0,0,0,0
1503,1974,10,33,2,0,1,0,0,0,0,0,0,0,0,0
1503,1975,9,33,2,0,1,0,0,0,0,0,0,0,0,0
1503,1976,6,31,2,0,1,0,0,0,0,0,0,0,0,0
1503,1975,10,31,2,0,1,0,0,0,0,0,0,0,0,0
1503,1974,10,31,2,0,1,0,0,0,0,0,0,0,0,0
1503,1975,9,31,2,0,1,0,0,0,0,0,0,0,0,0
1503,1977,9,31,2,0.012462569400668144,1,0.0846057410712246,0.006574209978836006,6.749116202640624,0.07751420507733728,0.005158767133247562,3.2608343225139653,0.08203041088413184,0.004391492423736864,3.5644310571247138
1503,1977,6,31,2,0,1,0,0,0,0,0,0,0,0,0
1503,1973,9,31,2,0,1,0,0,0,0,0,0,0,0,0
1503,1971,9,31,2,0.02243528887629509,1,0.1449988792432668,0.011906090739456896,11.840168082354962,0.12452388715625298,0.00881798209171412,5.920074866700317,0.12954568969243202,0.007506464344714895,6.471257545860699
1503,1970,9,31,2,0,1,0,0,0,0,0,0,0,0,0
1503,1971,10,31,2,0,1,0,0,0,0,0,0,0,0,0
1503,1974,9,31,2,0,1,0,0,0,0,0,0,0,0,0
1503,1972,9,31,2,2.906881093978882,1,17.33874803024629,1.3801064065698956,1104.0609648616526,15.4663785437006,1.0729408096532493,506.8634080164765,13.655819653000737,0.9133599782675493,554.0544212197603
1503,1976,9,31,2,0.08453576266765594,1,0.5533098790543529,0.04459400277990996,40.769653856705276,0.4610650720747981,0.0320711834882507,17.679505922888094,0.4866910779793632,0.027301166280840734,19.32553872825373
1503,1971,9,14,1,2642.268798828125,1,17771.798321031107,1828.4007422862755,43063.177060067246,15061.254217315163,1336.3282791329466,21247.95582294494,15668.644866240571,1137.5732538140978,23226.22560514786
1503,1974,10,14,1,0,1,0,0,0,0,0,0,0,0,0
1503,1976,9,14,1,913.0322378406041,1,6216.669596707816,625.6727855379884,12402.272075066157,5241.47578259198,455.28962706983754,5441.721954605645,5532.7971111604265,387.573405862285,5948.368061913606
1503,1975,9,14,1,501.63249302139303,1,3296.7857407162246,348.49157109468183,9575.85209124411,2890.240325895711,283.4269739593768,5607.506150276149,3027.0874897637286,241.2722607313585,6129.587430143515
1503,1971,10,14,1,0,1,0,0,0,0,0,0,0,0,0
1503,1972,9,14,1,3433.814420725335,1,27700.394309890587,2356.4951760048,39183.43642098067,24621.266905274293,1825.5061294120692,17924.78538711025,21738.99853393696,1553.9946133896558,19593.654692904864
1503,1970,9,14,1,187.83019220128847,1,1333.2941100855633,131.3841570961058,2873.0884190974853,1266.5577857470273,121.40320887400082,1900.1915534413693,1339.9738587222278,103.34664430799651,2077.1069970677618
1503,1977,9,14,1,251.15341268915063,1,1880.5797643165895,176.20394663665186,3427.993687937063,1739.9422990592234,139.63028829083106,1672.5668136149707,1841.316460177933,118.86277037036261,1828.289482358327
1503,1977,6,14,1,0,1,0,0,0,0,0,0,0,0,0
1503,1975,10,14,1,0,1,0,0,0,0,0,0,0,0,0
1503,1973,9,14,1,73.78219698284376,1,514.5933962813176,51.756375366988,581.6758297848947,490.62543699082903,49.34574455286644,554.5834055344212,488.3891531048657,42.006444127116296,606.2173416185313
1503,1974,9,14,1,4325.913185204472,1,26062.92256691763,2980.5100405749863,66500.78485746903,21945.60083521429,2274.8007205435288,32934.63965296135,22300.943112531986,1936.4646381100122,36000.98650327052
1503,1976,6,14,1,0,1,0,0,0,0,0,0,0,0,0
1503,1976,9,2,1,324.52758483413214,1,5242.698680327507,158.44788669800008,384196.63919646665,4303.369604691761,112.24963179506346,164114.3733130193,4542.550973176482,95.55449875190521,179394.07872353808
1503,1972,9,2,1,1592.7369589049495,1,29848.029180551363,778.7235168212142,1453783.6400538194,26419.794904851635,600.7439231299153,662278.3078048037,23326.983331651852,511.39396659879856,723939.0705932846
1503,1975,10,2,1,0,1,0,0,0,0,0,0,0,0,0
1503,1977,9,2,1,11.14062047057925,1,202.84277517055787,5.569518216681311,24612.172268852428,189.8120024210088,4.46377875716473,12145.473129939472,200.8710085306346,3.799871187631248,13276.265319255437
1503,1976,6,2,1,0,1,0,0,0,0,0,0,0,0,0
1503,1974,9,2,1,3559.7972460332985,1,49915.65032324486,1747.3823152585323,4611082.740516631,42372.69739074916,1344.5152141095398,2302258.5206011315,43058.794385767964,1144.5425280601917,2516608.009091981
1503,1977,6,2,1,0,1,0,0,0,0,0,0,0,0,0
1503,1974,10,2,1,0,1,0,0,0,0,0,0,0,0,0
1503,1970,9,2,1,164.30746258350644,1,2803.2089359792135,81.88847705733875,233197.0423614039,2619.1833203565807,74.42542710443303,151699.02652810735,2771.0043868303155,63.35597068455878,165822.81343122604
1503,1971,9,2,1,1662.662057342145,1,26578.548228424515,819.9254645229108,2304466.324990993,22465.535595150075,597.6843935279376,1134063.0427727064,23371.526294643587,508.7894875207082,1239648.853818477
1503,1973,9,2,1,67.2524586292119,1,1130.08198189589,33.61164446235425,60724.61653812753,1077.7430943295221,32.05494671067028,57912.202104116426,1072.8307124321636,27.287344434673116,63304.060050267
1503,1971,10,2,1,0,1,0,0,0,0,0,0,0,0,0
1503,1975,9,2,1,638.6076004333847,1,9880.060921770992,316.2704720011597,945479.3348627787,8475.809458919075,251.70154863126783,541779.6779614863,8877.1222755546,214.26542724389427,592221.5357314207
1503,1975,10,10,1,0,1,0,0,0,0,0,0,0,0,0
1503,1974,10,10,1,0,1,0,0,0,0,0,0,0,0,0
1503,1975,9,10,1,5.717477321624756,1,157.6231746502322,14.773906355465824,19207.419765524926,135.22021829859503,11.757705629219924,11006.258213509738,141.62262823176977,10.00895637612215,12030.98493170993
1503,1977,6,10,1,0,1,0,0,0,0,0,0,0,0,0
1503,1976,6,10,1,0,1,0,0,0,0,0,0,0,0,0
1503,1977,9,10,1,0.09448549151420593,1,3.0647102050923904,0.24645325250237074,474.8474410995757,2.86783091179637,0.19752387017233924,234.32498252070448,3.034919184247046,0.16814571330009773,256.14157683211386
1503,1971,9,10,1,14.84578800201416,1,422.6913672223336,38.1974673340969,46705.621313051524,357.2801597169431,27.844031056124106,22984.548937193085,371.68856322222115,23.702727467810096,25124.50249314468
1503,1973,9,10,1,0.5785121321678162,1,17.311266173743125,1.5085225895354648,1184.875899693026,16.50950804609033,1.4386565130296127,1129.999273494551,16.43425726611631,1.2246819858588982,1235.2067313456987
1503,1972,9,10,1,14.837071418762207,1,495.1984871522008,37.848524900887774,30706.95377678505,438.32181979635413,29.19813109851133,13988.70425063847,387.0100362668307,24.8554292516919,15291.108639173957
1503,1971,10,10,1,0,1,0,0,0,0,0,0,0,0,0
1503,1976,9,10,1,2.960991382598877,1,85.201199754122,7.542824058755879,7949.287830621464,69.93578606395425,5.343581671771077,3395.6371751084553,73.82281844866839,4.54881909205878,3711.7845951622926
1503,1974,9,10,1,32.81727600097656,1,819.6114266268366,84.04800298024199,96445.71383897537,695.75667618391,64.67034588577711,48154.19261732041,707.0223400238115,55.05178401395462,52637.540800789146
1503,1970,9,10,1,1.4141889810562134,1,42.97509261482104,3.677334352082249,4559.0876184930075,40.15385522028501,3.34219403748207,2965.7715491515332,42.48137505259124,2.8451022143776012,3241.896757877163
1503,1976,6,8,1,0,1,0,0,0,0,0,0,0,0,0
1503,1974,10,8,1,0,1,0,0,0,0,0,0,0,0,0
1503,1971,10,8,1,0,1,0,0,0,0,0,0,0,0,0
1503,1973,9,8,1,15.655230522155762,1,283.7802346185933,12.677175111141224,24150.13579016438,270.6371688665473,12.090041386835631,23031.640617174016,269.4035974003163,10.291863110233148,25175.978597127418
1503,1976,9,8,1,80.12796783447266,1,1396.844586127817,63.38664973315262,161984.96186628274,1146.573339600204,44.90516245780163,69193.89133236023,1210.299908690315,38.22631951133769,75636.11972724537
1503,1975,10,8,1,0,1,0,0,0,0,0,0,0,0,0
1503,1974,9,8,1,888.0747680664062,1,13437.062200977667,706.3045413447524,1968974.5553934034,11406.534158637565,543.462751877615,983085.4708309561,11591.228296413392,462.6323491270493,1074614.6652849223
1503,1971,9,8,1,401.7447814941406,1,6929.774633940619,320.99550760311547,950842.5973309913,5857.396625548847,233.98956806225604,467924.1512159228,6093.613867889491,199.1877882520322,511489.763664806
1503,1970,9,8,1,38.269649505615234,1,704.5673321032061,30.902625461498367,92886.46319556425,658.313756290957,28.086260500484233,60424.37717785616,696.4729396431237,23.908929597551094,66050.12868428118
1503,1975,9,8,1,154.72178649902344,1,2584.7740766326297,124.14883633751498,390763.9044131185,2217.400554648065,98.802946001256,223915.99105932697,2322.3900859144364,84.10776792211068,244763.4665791293
1503,1977,6,8,1,0,1,0,0,0,0,0,0,0,0,0
1503,1977,9,8,1,2.5568902492523193,1,50.24919171603587,2.0710523855917473,9680.106379583605,47.02114576986096,1.6598777998590326,4776.88318787597,49.760736163081226,1.413000547249193,5221.630143415266
1503,1972,9,8,1,401.5089416503906,1,8118.148368703302,318.06565429738436,626215.6097614181,7185.727861993975,245.37079572924065,285275.6097450594,6344.536536570099,208.8762610559836,311835.91150118125
1503,1974,9,64,5,,,0,0,0,0,0,0,0,0,0
1503,1976,6,64,5,,,0,0,0,0,0,0,0,0,0
1503,1975,10,64,5,,,0,0,0,0,0,0,0,0,0
1503,1970,9,64,5,,,0,0,0,0,0,0,0,0,0
1503,1971,9,64,5,,,0,0,0,0,0,0,0,0,0
1503,1976,9,64,5,,,0,0,0,0,0,0,0,0,0
1503,1974,10,64,5,,,0,0,0,0,0,0,0,0,0
1503,1971,10,64,5,,,0,0,0,0,0,0,0,0,0
1503,1975,9,64,5,,,0,0,0,0,0,0,0,0,0
1503,1977,9,64,5,,,0,0,0,0,0,0,0,0,0
1503,1972,9,64,5,,,0,0,0,0,0,0,0,0,0
1503,1973,9,64,5,,,0,0,0,0,0,0,0,0,0
1503,1977,6,64,5,,,0,0,0,0,0,0,0,0,0
1503,1970,9,50,3,2.5592392430160986,5,772.1234661021994,94.22823226278743,1228126.2882938967,745.0001309051562,88.43796873973996,825015.2202812305,788.1840934472261,75.2843963799457,901827.4413598058
1503,1971,9,50,3,32.41025982481061,5,12141.157606294923,2990.2249617764173,13452978.50934036,10426.72983131183,2214.64381047912,6726478.830490112,10847.21926114494,1885.2549967442146,7352740.948214241
1503,1977,9,50,3,3.1833229758522728,5,1221.3999753255882,314.9987676265132,1738989.6121089796,1119.023921664374,247.1787932962946,840192.5294220857,1184.2215499948259,210.41535119375723,918417.8187646717
1503,1973,9,50,3,0,5,0,0,0,0,0,0,0,0,0
1503,1974,10,50,3,0.3568920944676255,5,132.49007253313337,42.54858716763127,108796.03702877178,112.14141668941345,32.643465989855535,54162.35948826117,113.95720595338783,27.788331955336435,59205.09206928121
1503,1977,6,50,3,0,5,0,0,0,0,0,0,0,0,0
1503,1974,9,50,3,63.645058001893936,5,21745.339088345463,3856.7970752586125,23643045.063207947,18405.553602130458,2958.951930882357,11770310.216097068,18703.575578442877,2518.8605438158784,12866173.235659387
1503,1972,9,50,3,33.44040009469697,5,11561.155774838837,2449.5779516587286,11203807.904191665,10312.694509685873,1904.383704220097,5143556.776135204,9105.447404047925,1621.1405541202914,5622442.511217793
1503,1971,10,50,3,0.8829945882161458,5,337.44850655842373,105.83956066108149,279327.98302620265,289.7981003096513,78.38772363890781,139663.77507291368,301.48508558090896,66.72894619640184,152667.0318660576
1503,1976,6,50,3,1.0540589303681345,5,466.7213700282013,150.51998789612958,372118.92464261525,388.9121272851205,108.25119633891258,161367.04901544936,410.5278710787615,92.15075933918362,176390.9675312154
1503,1976,9,50,3,9.875785688920455,5,3985.9349947476435,872.8627223540369,3444778.0503705014,3321.421639497337,627.74675480089,1493806.5002615612,3506.0263204858393,534.3806081043392,1632885.8679217002
1503,1975,9,50,3,12.88801639441288,5,4638.25428397843,1232.1624852311195,6394665.541504724,4066.1730570735613,1002.0858918330887,3744537.880387224,4258.698310309939,853.0434672185514,4093169.3534009666
1503,1975,10,50,3,1.0058437463008996,5,346.68111260807456,117.07922667796761,389565.4668650585,303.92154314448396,95.21750798857741,228118.67768516473,318.3116271956518,81.05559994054411,249357.44016100382
1503,1971,9,60,4,1966.1353759765625,11,16807.410788504003,0,0,14434.07104481912,0,0,15016.168634571572,0,0
1503,1975,9,60,4,949.286865234375,11,8181.013009208595,0,0,7171.968728087739,0,0,7511.547264514378,0,0
1503,1976,9,60,4,599.6139526367188,11,5174.054652304972,0,0,4311.464464110165,0,0,4551.0957450428605,0,0
1503,1977,6,60,4,0,11,0,0,0,0,0,0,0,0,0
1503,1977,9,60,4,384.5504455566406,11,4000.576445647123,0,0,3665.2536708401376,0,0,3878.802141021932,0,0
1503,1976,6,60,4,0,11,0,0,0,0,0,0,0,0,0
1503,1973,9,60,4,42.036643981933594,11,552.8949749993577,0,0,524.8101371383516,0,0,522.4180384732866,0,0
1503,1974,9,60,4,3882.726318359375,11,35913.06263774073,0,0,30397.309359497285,0,0,30889.501357941102,0,0
1503,1974,10,60,4,0,11,0,0,0,0,0,0,0,0,0
1503,1975,10,60,4,0,11,0,0,0,0,0,0,0,0,0
1503,1970,9,60,4,342.802490234375,11,3152.4635252012463,0,0,3041.7230430836257,0,0,3218.03664157425,0,0
1503,1972,9,60,4,1994.5751953125,11,21453.735379294947,0,0,19136.99835615205,0,0,16896.7413743939,0,0
1503,1971,10,60,4,0,11,0,0,0,0,0,0,0,0,0
1503,1977,9,28,2,0,1,0,0,0,0,0,0,0,0,0
1503,1975,9,28,2,0,1,0,0,0,0,0,0,0,0,0
1503,1976,6,28,2,0,1,0,0,0,0,0,0,0,0,0
1503,1972,9,28,2,0.0005062695709057152,1,0.006556613254933124,0.0004846451868906037,0.5798356761780838,0.005848580438941887,0.00037677935320171965,0.26619679190812556,0.0051639211774489975,0.0003207401366000803,0.29098077931563593
1503,1970,9,28,2,0,1,0,0,0,0,0,0,0,0,0
1503,1971,9,28,2,0,1,0,0,0,0,0,0,0,0,0
1503,1974,10,28,2,0,1,0,0,0,0,0,0,0,0,0
1503,1976,9,28,2,0.004347660578787327,1,0.04943063306053132,0.004161958163856749,6.322800806734072,0.041189827359865344,0.0029932034718266275,2.7418431047952554,0.04347915878629941,0.002548017778223431,2.9971196785492626
1503,1975,10,28,2,0,1,0,0,0,0,0,0,0,0,0
1503,1977,6,28,2,0,1,0,0,0,0,0,0,0,0,0
1503,1973,9,28,2,0,1,0,0,0,0,0,0,0,0,0
1503,1971,10,28,2,0,1,0,0,0,0,0,0,0,0,0
1503,1974,9,28,2,0,1,0,0,0,0,0,0,0,0,0
1503,1970,9,20,2,53.02169418334961,1,684.1096689853382,56.07264837028586,82761.30156494488,660.0781032085617,52.62702063534475,55596.345499791765,698.3395570007465,44.799688847065724,60772.58792139841
1503,1977,6,20,2,0.2389492690563202,1,3.1711387252702252,0.25269879713386084,390.2148704587005,2.90533827098507,0.19829215273957,188.53224697023717,3.074611832612052,0.16879972752212735,206.08535420840659
1503,1972,9,20,2,195.4738006591797,1,2848.9904818596747,206.7216798479354,223878.8717539512,2541.334886635168,160.71233746402478,102780.56333085812,2243.835607134015,136.80924029808077,112349.84539872009
1503,1977,9,20,2,50.073577880859375,1,664.5354579151317,52.95489267933033,81772.39789579668,608.8350165579393,41.55357994013288,39508.3198580217,644.3075371677485,35.37322518594882,43186.70266209039
1503,1971,10,20,2,4.857387065887451,1,61.11126662441316,5.131764894948401,7664.606415362205,52.4818709553404,3.80072787389208,3832.297268681247,54.59836120219755,3.235437311235118,4189.09949220922
1503,1976,9,20,2,60.502952575683594,1,774.144101289179,63.984390491350105,87989.71401666866,645.0830165317055,46.01639233777067,38156.190277663474,680.936743460503,39.172273742817424,41708.68440271125
1503,1975,10,20,2,14.666921615600586,1,192.44213728673785,15.507015499726545,24906.353435489607,168.70636790740983,12.611454774001054,14584.466270546764,176.69428080439306,10.735725544847531,15942.338489079151
1503,1975,9,20,2,258.4001159667969,1,3390.4231504788786,273.20079212574257,438797.23262412817,2972.249131354392,222.18714066390297,256947.42730571292,3112.979249985262,189.14076167323344,280870.26182632905
1503,1976,6,20,2,8.375581741333008,1,107.16678978282144,8.85752628451155,12180.645915110472,89.30052674947369,6.370169372876982,5282.061073113098,94.26385180783234,5.422720160911635,5773.842112934637
1503,1974,9,20,2,419.52447509765625,1,5296.371219598138,443.6645930915353,682892.0752547969,4482.921327786558,340.3814561087082,339966.8506478187,4555.508607834761,289.75577828435803,371619.1259627464
1503,1971,9,20,2,222.88311767578125,1,2813.0227902642455,236.66745125374172,353962.7482405575,2415.801655371063,175.28249973192422,176981.0998485684,2513.2261668997226,149.21235049077077,193458.74902898428
1503,1973,9,20,2,4.025965690612793,1,50.81744534772639,4.257626279159095,3274.5418933061887,48.23612379908491,4.041356012417964,3108.2083538438646,48.01626225453307,3.4402763008580313,3397.594999525801
1503,1974,10,20,2,0.3607734441757202,1,4.554656998457097,0.38153293266428273,587.2585286773285,3.855124226108316,0.29271376890537804,292.3572256070059,3.91754624098657,0.24917781037001577,319.5768541607546
1503,1976,9,18,1,1.9463040828704834,1,887.871622117912,52.442278491699355,2929.3273679949934,748.5933638561394,38.16120178001363,1285.2955453777604,790.20019795435,32.48540284316443,1404.9617080810506
1503,1977,9,18,1,0.37425121665000916,1,177.7062064232664,10.146578230735686,548.1807644662213,164.41660770159092,8.040510275542234,267.4651816701711,173.9960033451964,6.844627610820993,292.36726124425127
1503,1976,6,18,1,0,1,0,0,0,0,0,0,0,0,0
1503,1970,9,18,1,0.5660940408706665,1,258.9691804648862,15.442797117472825,933.1333385013205,246.00681072931422,14.269643810097861,617.1519387529827,260.2666054044124,12.14728850185942,674.6112558579521
1503,1974,9,18,1,13.295742988586426,1,5440.557400484564,350.17507632867245,22482.71375927076,4581.078761430164,267.2624836369204,11134.60657147558,4655.255402656878,227.51195037985258,12171.283035819588
1503,1975,9,18,1,1.9476710557937622,1,843.3659210029136,52.15100261234483,4040.607790279517,739.3656688891302,42.41422773278094,2366.132310623689,774.3731711865389,36.105866951567826,2586.428704771221
1503,1977,6,18,1,0,1,0,0,0,0,0,0,0,0,0
1503,1973,9,18,1,0.24855907261371613,1,111.95111764902998,6.607069177763501,210.37833229379825,106.73682642468287,6.2993350206086625,200.57964591255663,106.25031711029354,5.36242115665501,219.2544142404012
1503,1971,9,18,1,6.85552978515625,1,3049.4682995606704,188.15022351650546,12211.322369649133,2584.365209286389,137.5138713277355,6025.232134826583,2688.5875561692983,117.06113272732918,6586.20537678965
1503,1972,9,18,1,8.335050582885742,1,4403.015077795733,195.91238214467964,10518.624688490361,3913.5836192645156,151.76744602514893,4811.831409656394,3455.4431698803437,129.19474211075058,5259.832184606179
1503,1974,10,18,1,0,1,0,0,0,0,0,0,0,0,0
1503,1975,10,18,1,0,1,0,0,0,0,0,0,0,0,0
1503,1971,10,18,1,0,1,0,0,0,0,0,0,0,0,0
1503,1974,10,13,1,0,1,0,0,0,0,0,0,0,0,0
1503,1975,9,13,1,461.6761133271567,1,2936.8709025357316,18.432500541789626,3501.537419185622,2574.708635027776,14.991088119157476,2050.459053295011,2696.6159973094404,12.761430822214344,2241.3650029580654
1503,1977,6,13,1,0,1,0,0,0,0,0,0,0,0,0
1503,1972,9,13,1,2788.660995689896,1,21776.286020152427,110.0791275963695,12899.065176189835,19355.67213627451,85.27499830837613,5900.783496716174,17089.816288198366,72.59186145307959,6450.170072071798
1503,1970,9,13,1,162.31240072284763,1,1115.23644683608,6.530105793801328,1154.2303994328622,1059.4147187813205,6.034028875142688,763.380215223778,1120.8237355512713,5.136574573994628,834.4539704919428
1503,1977,9,13,1,233.12727524278756,1,1689.5476476725707,9.40676372961239,1424.534870074258,1563.196347340162,7.454254893382162,695.0507980536463,1654.272768932489,6.345567272830861,759.7628109335272
1503,1971,10,13,1,0,1,0,0,0,0,0,0,0,0,0
1503,1971,9,13,1,2067.7989586985673,1,13463.48351723326,82.29469015633114,13650.89295377257,11410.041023463385,60.14694652818644,6735.5357924689315,11870.185452440586,51.20115972809148,7362.641149625153
1503,1973,9,13,1,69.42422179883154,1,468.63319366545556,2.8026565697274983,263.1743164979467,446.80589974929956,2.672118636178646,250.91657796164296,444.7693464880357,2.2746885918685407,274.27791625561935
1503,1976,9,13,1,744.721956398782,1,4908.511484741142,29.347763377210573,4012.870807839263,4138.525246615984,21.35578301021176,1760.7198942132966,4368.544562390065,18.179490732948505,1924.6499678010969
1503,1975,10,13,1,0,1,0,0,0,0,0,0,0,0,0
1503,1976,6,13,1,0,1,0,0,0,0,0,0,0,0,0
1503,1974,9,13,1,3381.5395011191417,1,19722.35558277788,133.98544957835355,20627.112757900435,16606.692593224067,102.26108722800635,10215.616661043841,16875.587485148026,87.0515722469099,11166.731484300792
1503,1976,9,12,1,84.76974487304688,1,814.3210557639302,79.44983824156914,18991.01550933396,668.4199671792106,56.2848471800164,8112.248497047333,705.5707622905887,47.91347885606677,8867.531320541342
1503,1970,9,12,1,40.48659133911133,1,410.73472320808077,38.7340364855894,10888.645705625715,383.77072872097153,35.20394214805256,7083.267167655399,406.0160144415174,29.96798289895299,7742.74770845693
1503,1977,6,12,1,0,1,0,0,0,0,0,0,0,0,0
1503,1971,10,12,1,0,1,0,0,0,0,0,0,0,0,0
1503,1974,9,12,1,939.5205078125,1,7833.732372882602,885.291102514575,230663.5591032394,6649.945841168232,681.1831308196263,115167.55916596639,6757.6214941149665,579.8692751398887,125890.12015426015
1503,1975,10,12,1,0,1,0,0,0,0,0,0,0,0,0
1503,1976,6,12,1,0,1,0,0,0,0,0,0,0,0,0
1503,1975,9,12,1,163.68475341796875,1,1505.8945726364777,155.61823822589938,45871.23969788588,1291.8620202798588,123.84763999272371,26285.191600535243,1353.0291322325015,105.42750984446053,28732.448207055517
1503,1974,10,12,1,0,1,0,0,0,0,0,0,0,0,0
1503,1977,9,12,1,2.705009937286377,1,29.286954060877797,2.5959496008743814,1133.5374398478295,27.405538059874598,2.0805650026149065,559.3715323890877,29.002265395217176,1.7711180229846148,611.4512622591446
1503,1972,9,12,1,424.76812744140625,1,4733.395470622264,398.66358008530966,73407.7180160566,4189.735167468897,307.54782401730296,33441.24801520423,3699.2672640935243,261.8055640473375,36554.76213293374
1503,1971,9,12,1,425.0176696777344,1,4040.0365306159906,402.3402061614503,111551.7717446902,3414.843568739201,293.2857589091165,54896.32906307027,3552.5574683433065,249.66472705049196,60007.39715095037
1503,1973,9,12,1,16.562131881713867,1,165.48748293488111,15.889433179485653,2829.0827580443697,157.82305601565966,15.153526165660674,2698.0559416174565,157.10369429816294,12.8997091030749,2949.255755118156
1503,1976,6,1,1,0,1,0,0,0,0,0,0,0,0,0
1503,1971,9,1,1,293.0631554314364,1,730.0726847038118,165.21037166332604,2373.386239214468,618.7224333076902,120.74775871273403,1171.0609714483453,643.6742875722188,102.78868068161195,1280.0914378253397
1503,1975,10,1,1,0,1,0,0,0,0,0,0,0,0,0
1503,1974,10,1,1,0,1,0,0,0,0,0,0,0,0,0
1503,1970,9,1,1,39.368232355122274,1,103.49433697309507,22.436266391950944,341.21411541615265,98.31406085307611,20.731835522164943,225.67080627209273,104.01283934332918,17.64834431835112,246.68166211599268
1503,1972,9,1,1,657.9526684807963,1,1965.8229476978454,367.85129551545094,3857.220121816078,1747.3055055573645,284.96336487907087,1764.517081441476,1542.7586228519606,242.5801408719934,1928.8006883674227
1503,1977,9,1,1,44.29945576212081,1,122.83348263479017,25.324973896189665,320.3357473300811,113.6474911792406,20.068412050806984,156.29636136269366,120.26892861872972,17.08359326970985,170.84817855059438
1503,1976,9,1,1,213.62409470381255,1,538.6873505674445,119.26842428522684,1516.7047786208911,454.1847782747142,86.7892573709059,665.4817474186536,479.4283773126028,73.88090145603243,727.4407632645109
1503,1975,9,1,1,136.80905905653387,1,332.8850569558387,77.46106702497654,1304.17796342413,291.83510581820104,62.99881445508111,763.7112479674162,305.6529209633713,53.628863105850265,834.8158237097533
1503,1977,6,1,1,0,1,0,0,0,0,0,0,0,0,0
1503,1971,10,1,1,0,1,0,0,0,0,0,0,0,0,0
1503,1973,9,1,1,15.648633772901396,1,40.42239412715914,8.943171294256693,70.42271593880626,38.5396604895627,8.526629677015595,67.14267231418071,38.36399568454992,7.258445411365494,73.3939240036285
1503,1974,9,1,1,633.259877774315,1,1413.0815978631522,355.45522129940395,5049.303533554766,1189.848322446176,271.29242395602006,2500.677138359714,1209.1142981528988,230.94250886840692,2733.5001948026584
1503,1977,9,11,1,1.0922002792358398,1,8.102188096151243,2.718992873221886,5387.337074055924,7.5816974266350385,2.1791799858053373,2658.512095564972,8.023429440907341,1.8550657842155212,2906.0302186306203
1503,1976,6,11,1,0,1,0,0,0,0,0,0,0,0,0
1503,1972,9,11,1,171.50839233398438,1,1308.5521423623495,417.57577491373024,348400.42518942326,1158.2566813504727,322.1375800357168,158715.5321299278,1022.666315046801,274.2253537692084,173492.58380469808
1503,1970,9,11,1,16.347248077392578,1,113.58453873587396,40.57077138009208,51727.66181138382,106.1279184326926,36.873282987121534,33649.8090280275,112.27962749171921,31.389039026910243,36782.7410113085
1503,1973,9,11,1,6.687282562255859,1,45.73632538237183,16.643377488662367,13444.184878721006,43.6180822546734,15.872552117531043,12821.527680339384,43.41926986720119,13.511792753790324,14015.263255801357
1503,1974,10,11,1,0,1,0,0,0,0,0,0,0,0,0
1503,1976,9,11,1,34.22743225097656,1,225.184152621942,83.2177014587827,90196.08497755277,184.83813336207223,58.954123922043934,38528.379613985555,195.1114405020172,50.18574823491185,42115.526056811075
1503,1971,9,11,1,171.60914611816406,1,1117.1037759507121,421.422032746086,529938.886114394,944.2327107715355,307.19545002510034,260791.01228472815,982.3117519096083,261.50559940906055,285071.69995991007
1503,1977,6,11,1,0,1,0,0,0,0,0,0,0,0,0
1503,1975,9,11,1,66.09090423583984,1,416.90479027591766,162.9891154943584,217940.6094181903,357.65017977803126,129.71369891217714,124884.58375714159,374.58420852331983,110.42109700135101,136511.83865019612
1503,1975,10,11,1,0,1,0,0,0,0,0,0,0,0,0
1503,1971,10,11,1,0,1,0,0,0,0,0,0,0,0,0
1503,1974,9,11,1,379.3497009277344,1,2166.1093500983625,927.2783754508746,1094189.2163483717,1838.7799299941819,713.4900431472083,546315.6027006512,1868.5533799314362,607.3711097946338,597179.7732295451
